"state_name","year","median_weekly_income"
"Australia",1989,"380.00"
"Australian Capital Territory",1989,"460.00"
"New South Wales",1989,"380.00"
"Northern Territory",1989,"460.00"
"Queensland",1989,"380.00"
"South Australia",1989,"380.00"
"Tasmania",1989,"380.00"
"Victoria",1989,"380.00"
"Western Australia",1989,"380.00"
"Australia",1990,"420.00"
"Australian Capital Territory",1990,"500.00"
"New South Wales",1990,"420.00"
"Northern Territory",1990,"460.00"
"Queensland",1990,"380.00"
"South Australia",1990,"380.00"
"Tasmania",1990,"380.00"
"Victoria",1990,"420.00"
"Western Australia",1990,"420.00"
"Australia",1992,"460.00"
"Australian Capital Territory",1992,"500.00"
"New South Wales",1992,"460.00"
"Northern Territory",1992,"500.00"
"Queensland",1992,"420.00"
"South Australia",1992,"420.00"
"Tasmania",1992,"420.00"
"Victoria",1992,"460.00"
"Western Australia",1992,"460.00"
"Australia",1993,"460.00"
"Australian Capital Territory",1993,"540.00"
"New South Wales",1993,"500.00"
"Northern Territory",1993,"540.00"
"Queensland",1993,"420.00"
"South Australia",1993,"460.00"
"Tasmania",1993,"420.00"
"Victoria",1993,"460.00"
"Western Australia",1993,"460.00"
"Australia",1994,"460.00"
"Australian Capital Territory",1994,"540.00"
"New South Wales",1994,"500.00"
"Northern Territory",1994,"540.00"
"Queensland",1994,"460.00"
"South Australia",1994,"460.00"
"Tasmania",1994,"420.00"
"Victoria",1994,"500.00"
"Western Australia",1994,"500.00"
"Australia",1995,"500.00"
"Australian Capital Territory",1995,"580.00"
"New South Wales",1995,"500.00"
"Northern Territory",1995,"500.00"
"Queensland",1995,"460.00"
"South Australia",1995,"460.00"
"Tasmania",1995,"460.00"
"Victoria",1995,"500.00"
"Western Australia",1995,"460.00"
"Australia",1997,"512.00"
"Australian Capital Territory",1997,"600.00"
"New South Wales",1997,"529.60"
"Northern Territory",1997,"600.00"
"Queensland",1997,"500.00"
"South Australia",1997,"500.00"
"Tasmania",1997,"490.00"
"Victoria",1997,"512.00"
"Western Australia",1997,"504.00"
"Australia",1998,"530.00"
"Australian Capital Territory",1998,"600.50"
"New South Wales",1998,"550.00"
"Northern Territory",1998,"600.00"
"Queensland",1998,"502.70"
"South Australia",1998,"500.00"
"Tasmania",1998,"490.00"
"Victoria",1998,"520.00"
"Western Australia",1998,"525.00"
"Australia",1999,"550.00"
"Australian Capital Territory",1999,"650.00"
"New South Wales",1999,"600.00"
"Northern Territory",1999,"602.40"
"Queensland",1999,"513.00"
"South Australia",1999,"525.00"
"Tasmania",1999,"504.80"
"Victoria",1999,"550.00"
"Western Australia",1999,"550.00"
"Australia",2000,"581.80"
"Australian Capital Territory",2000,"710.40"
"New South Wales",2000,"600.00"
"Northern Territory",2000,"672.60"
"Queensland",2000,"550.00"
"South Australia",2000,"558.00"
"Tasmania",2000,"527.40"
"Victoria",2000,"579.10"
"Western Australia",2000,"560.00"
"Australia",2001,"600.00"
"Australian Capital Territory",2001,"700.00"
"New South Wales",2001,"618.00"
"Northern Territory",2001,"667.00"
"Queensland",2001,"565.00"
"South Australia",2001,"570.00"
"Tasmania",2001,"550.00"
"Victoria",2001,"600.00"
"Western Australia",2001,"575.00"
"Australia",2002,"615.00"
"Australian Capital Territory",2002,"750.00"
"New South Wales",2002,"650.00"
"Northern Territory",2002,"700.00"
"Queensland",2002,"600.00"
"South Australia",2002,"600.00"
"Tasmania",2002,"550.00"
"Victoria",2002,"604.00"
"Western Australia",2002,"615.00"
"Australia",2003,"635.00"
"Australian Capital Territory",2003,"779.30"
"New South Wales",2003,"670.00"
"Northern Territory",2003,"691.50"
"Queensland",2003,"600.00"
"South Australia",2003,"609.50"
"Tasmania",2003,"600.00"
"Victoria",2003,"623.90"
"Western Australia",2003,"620.00"
"Australia",2004,"651.00"
"Australian Capital Territory",2004,"800.00"
"New South Wales",2004,"691.60"
"Northern Territory",2004,"770.10"
"Queensland",2004,"645.00"
"South Australia",2004,"637.60"
"Tasmania",2004,"600.00"
"Victoria",2004,"650.00"
"Western Australia",2004,"650.00"
"Australia",2005,"700.00"
"Australian Capital Territory",2005,"824.80"
"New South Wales",2005,"700.00"
"Northern Territory",2005,"750.00"
"Queensland",2005,"671.00"
"South Australia",2005,"670.20"
"Tasmania",2005,"606.40"
"Victoria",2005,"700.00"
"Western Australia",2005,"700.00"
"Australia",2006,"730.00"
"Australian Capital Territory",2006,"920.00"
"New South Wales",2006,"750.00"
"Northern Territory",2006,"800.00"
"Queensland",2006,"700.00"
"South Australia",2006,"700.00"
"Tasmania",2006,"650.00"
"Victoria",2006,"720.00"
"Western Australia",2006,"720.00"
"Australia",2007,"769.00"
"Australian Capital Territory",2007,"1000.00"
"New South Wales",2007,"780.00"
"Northern Territory",2007,"850.00"
"Queensland",2007,"750.00"
"South Australia",2007,"720.00"
"Tasmania",2007,"680.00"
"Victoria",2007,"757.00"
"Western Australia",2007,"800.00"
"Australia",2008,"800.00"
"Australian Capital Territory",2008,"1000.00"
"New South Wales",2008,"825.00"
"Northern Territory",2008,"900.00"
"Queensland",2008,"800.00"
"South Australia",2008,"750.00"
"Tasmania",2008,"720.00"
"Victoria",2008,"796.60"
"Western Australia",2008,"890.00"
"Australia",2009,"831.00"
"Australian Capital Territory",2009,"1057.00"
"New South Wales",2009,"845.70"
"Northern Territory",2009,"1000.00"
"Queensland",2009,"842.40"
"South Australia",2009,"769.00"
"Tasmania",2009,"765.00"
"Victoria",2009,"800.00"
"Western Australia",2009,"874.00"
"Australia",2010,"868.00"
"Australian Capital Territory",2010,"1056.60"
"New South Wales",2010,"900.00"
"Northern Territory",2010,"1000.00"
"Queensland",2010,"850.00"
"South Australia",2010,"804.00"
"Tasmania",2010,"769.00"
"Victoria",2010,"849.30"
"Western Australia",2010,"959.50"
"Australia",2011,"900.00"
"Australian Capital Territory",2011,"1100.00"
"New South Wales",2011,"900.00"
"Northern Territory",2011,"1000.00"
"Queensland",2011,"900.00"
"South Australia",2011,"846.00"
"Tasmania",2011,"800.00"
"Victoria",2011,"871.10"
"Western Australia",2011,"1000.00"
"Australia",2012,"947.00"
"Australian Capital Territory",2012,"1171.00"
"New South Wales",2012,"947.00"
"Northern Territory",2012,"1050.00"
"Queensland",2012,"947.00"
"South Australia",2012,"900.00"
"Tasmania",2012,"825.00"
"Victoria",2012,"900.00"
"Western Australia",2012,"1021.20"
"Australia",2013,"950.00"
"Australian Capital Territory",2013,"1210.60"
"New South Wales",2013,"950.00"
"Northern Territory",2013,"1100.00"
"Queensland",2013,"950.00"
"South Australia",2013,"900.00"
"Tasmania",2013,"842.40"
"Victoria",2013,"900.00"
"Western Australia",2013,"1045.30"
"Australia",2014,"1000.00"
"Australian Capital Territory",2014,"1200.00"
"New South Wales",2014,"1000.00"
"Northern Territory",2014,"1250.00"
"Queensland",2014,"980.00"
"South Australia",2014,"925.00"
"Tasmania",2014,"862.70"
"Victoria",2014,"950.00"
"Western Australia",2014,"1129.10"
"Australia",2015,"1000.00"
"Australian Capital Territory",2015,"1256.10"
"New South Wales",2015,"1000.00"
"Northern Territory",2015,"1200.00"
"Queensland",2015,"1000.00"
"South Australia",2015,"952.40"
"Tasmania",2015,"880.00"
"Victoria",2015,"950.00"
"Western Australia",2015,"1088.00"
"Australia",2016,"1000.00"
"Australian Capital Territory",2016,"1250.00"
"New South Wales",2016,"1000.00"
"Northern Territory",2016,"1250.00"
"Queensland",2016,"1000.00"
"South Australia",2016,"950.00"
"Tasmania",2016,"900.00"
"Victoria",2016,"1000.00"
"Western Australia",2016,"1100.00"
"Australia",2017,"1016.00"
"Australian Capital Territory",2017,"1300.00"
"New South Wales",2017,"1050.00"
"Northern Territory",2017,"1212.00"
"Queensland",2017,"1000.00"
"South Australia",2017,"973.30"
"Tasmania",2017,"950.00"
"Victoria",2017,"1000.00"
"Western Australia",2017,"1100.00"
"Australia",2018,"1074.00"
"Australian Capital Territory",2018,"1300.00"
"New South Wales",2018,"1073.00"
"Northern Territory",2018,"1249.00"
"Queensland",2018,"1050.00"
"South Australia",2018,"1000.00"
"Tasmania",2018,"974.00"
"Victoria",2018,"1070.00"
"Western Australia",2018,"1155.50"
"Australia",2019,"1100.00"
"Australian Capital Territory",2019,"1300.00"
"New South Wales",2019,"1150.00"
"Northern Territory",2019,"1200.00"
"Queensland",2019,"1057.00"
"South Australia",2019,"1013.80"
"Tasmania",2019,"1000.00"
"Victoria",2019,"1072.50"
"Western Australia",2019,"1200.00"
"Australia",2020,"1150.00"
"Australian Capital Territory",2020,"1450.00"
"New South Wales",2020,"1150.00"
"Northern Territory",2020,"1220.70"
"Queensland",2020,"1100.00"
"South Australia",2020,"1054.00"
"Tasmania",2020,"1000.00"
"Victoria",2020,"1150.00"
"Western Australia",2020,"1250.00"
"Australia",2021,"1200.00"
"Australian Capital Territory",2021,"1493.00"
"New South Wales",2021,"1250.00"
"Northern Territory",2021,"1338.90"
"Queensland",2021,"1125.00"
"South Australia",2021,"1100.00"
"Tasmania",2021,"1008.10"
"Victoria",2021,"1181.00"
"Western Australia",2021,"1236.40"
"Australia",2022,"1248.00"
"Australian Capital Territory",2022,"1500.00"
"New South Wales",2022,"1246.70"
"Northern Territory",2022,"1381.00"
"Queensland",2022,"1214.30"
"South Australia",2022,"1128.10"
"Tasmania",2022,"1090.00"
"Victoria",2022,"1250.00"
"Western Australia",2022,"1300.40"
"Australia",2023,"1300.00"
"Australian Capital Territory",2023,"1552.60"
"New South Wales",2023,"1345.00"
"Northern Territory",2023,"1405.80"
"Queensland",2023,"1300.00"
"South Australia",2023,"1200.00"
"Tasmania",2023,"1205.70"
"Victoria",2023,"1296.30"
"Western Australia",2023,"1322.70"
"Australia",2024,"1399.00"
"Australian Capital Territory",2024,"1667.20"
"New South Wales",2024,"1395.70"
"Northern Territory",2024,"1500.00"
"Queensland",2024,"1350.00"
"South Australia",2024,"1250.00"
"Tasmania",2024,"1208.00"
"Victoria",2024,"1400.00"
"Western Australia",2024,"1500.00"
"Australia",2025,"1425.00"
"Australian Capital Territory",2025,"1600.00"
"New South Wales",2025,"1463.70"
"Northern Territory",2025,"1509.70"
"Queensland",2025,"1439.30"
"South Australia",2025,"1300.00"
"Tasmania",2025,"1300.00"
"Victoria",2025,"1380.00"
"Western Australia",2025,"1500.00"
